seccional,D_Local,D_Fed,municipio_id
1,2,1,1
2,2,1,1
3,2,1,1
4,2,1,1
5,2,1,1
6,2,1,1
7,2,1,1
8,2,1,1
9,2,1,1
10,2,1,1
11,2,1,1
12,2,1,1
13,2,1,1
14,2,1,1
98,1,1,6
99,1,1,6
101,1,1,6
102,1,1,6
103,1,1,6
105,1,1,6
106,1,1,6
107,1,1,6
108,1,1,6
110,1,1,6
111,1,1,6
112,1,1,6
113,1,1,6
114,1,1,6
115,1,1,6
116,1,1,6
117,1,1,6
118,1,1,6
119,1,1,7
120,1,1,7
121,1,1,7
122,1,1,7
123,1,1,7
124,1,1,7
125,1,1,7
126,1,1,7
127,1,1,7
128,1,1,7
129,1,1,7
130,1,1,7
131,1,1,7
132,1,1,7
133,1,1,7
134,1,1,7
135,1,1,7
384,1,1,15
385,1,1,15
386,1,1,15
387,1,1,15
388,1,1,15
389,1,1,15
390,1,1,15
391,1,1,15
392,1,1,15
393,1,1,15
394,1,1,15
395,1,1,15
396,1,1,15
397,1,1,15
398,1,1,15
399,1,1,15
400,1,1,15
401,1,1,15
402,1,1,15
403,1,1,15
404,1,1,15
490,1,1,20
491,1,1,20
492,1,1,20
493,1,1,20
494,1,1,20
495,1,1,20
496,1,1,20
497,1,1,20
498,1,1,20
499,1,1,20
500,1,1,20
501,1,1,20
502,1,1,20
503,1,1,20
504,1,1,20
505,1,1,20
506,1,1,20
507,1,1,20
508,1,1,20
509,1,1,20
510,1,1,20
511,1,1,20
512,1,1,20
513,1,1,20
514,1,1,20
515,1,1,20
516,1,1,20
517,1,1,20
518,1,1,20
519,1,1,20
520,1,1,20
521,1,1,20
522,1,1,20
523,1,1,20
524,1,1,20
525,1,1,20
526,1,1,20
527,1,1,20
528,1,1,20
529,1,1,20
530,1,1,20
531,1,1,20
532,1,1,20
533,1,1,20
534,1,1,20
535,1,1,20
536,1,1,20
537,1,1,20
538,1,1,20
539,1,1,20
540,1,1,20
541,1,1,20
542,1,1,20
543,1,1,20
544,1,1,20
545,1,1,20
546,1,1,20
547,1,1,20
548,1,1,20
549,1,1,20
550,1,1,20
551,1,1,20
552,1,1,20
553,1,1,20
554,1,1,20
555,2,1,21
556,2,1,21
557,2,1,21
558,2,1,21
559,2,1,21
560,2,1,21
561,2,1,21
562,2,1,21
563,2,1,21
564,2,1,21
565,2,1,21
566,2,1,21
567,2,1,21
568,2,1,21
569,2,1,21
570,2,1,21
571,2,1,21
572,2,1,21
573,2,1,21
574,2,1,21
575,2,1,21
576,2,1,21
577,2,1,21
578,2,1,21
579,2,1,21
580,2,1,21
581,2,1,21
582,2,1,21
583,2,1,21
584,2,1,21
585,2,1,21
586,2,1,21
587,2,1,21
588,2,1,21
589,2,1,21
590,2,1,21
591,2,1,22
592,2,1,22
593,2,1,22
594,2,1,22
596,2,1,22
597,2,1,22
598,2,1,22
599,2,1,22
600,2,1,22
601,2,1,22
602,2,1,22
603,2,1,22
604,2,1,22
605,2,1,22
606,2,1,22
607,2,1,22
608,2,1,22
609,2,1,22
610,2,1,22
611,2,1,22
612,2,1,22
613,2,1,22
614,2,1,22
615,2,1,22
724,2,1,25
725,2,1,25
726,2,1,25
727,2,1,25
728,2,1,25
729,2,1,25
730,2,1,25
731,2,1,25
732,2,1,25
733,2,1,25
734,2,1,25
735,2,1,25
736,2,1,25
737,2,1,25
738,2,1,25
740,2,1,25
741,2,1,25
742,2,1,25
743,2,1,25
744,2,1,25
745,2,1,25
746,2,1,25
747,2,1,25
1221,2,1,34
1222,2,1,34
1223,2,1,34
1224,2,1,34
1225,2,1,34
1226,2,1,34
1227,2,1,34
1228,2,1,34
1229,2,1,34
1230,2,1,34
1231,2,1,34
1232,2,1,34
1233,2,1,34
1234,2,1,34
1235,2,1,34
1236,2,1,34
1237,2,1,34
1238,2,1,34
1239,2,1,34
1240,2,1,34
1241,2,1,34
1520,1,1,44
1521,1,1,44
1522,1,1,44
1523,1,1,44
1524,1,1,44
1525,1,1,44
1526,1,1,44
1527,1,1,44
1528,1,1,44
1530,1,1,44
1531,1,1,44
1532,1,1,44
1533,1,1,44
1534,1,1,44
1536,2,1,45
1537,2,1,45
1538,2,1,45
1539,2,1,45
1540,2,1,45
1541,2,1,45
1542,2,1,45
1543,2,1,45
1544,2,1,45
1545,2,1,45
1546,2,1,45
1547,2,1,45
1548,2,1,45
1549,2,1,45
1550,2,1,45
1551,2,1,45
1552,2,1,45
1553,2,1,45
1554,2,1,45
1555,2,1,45
1569,2,1,47
1570,2,1,47
1571,2,1,47
1572,2,1,47
1573,2,1,47
1574,2,1,47
1575,2,1,47
1576,2,1,47
1577,2,1,47
1578,2,1,47
1579,2,1,47
1580,2,1,47
1581,2,1,47
1582,2,1,47
1583,2,1,47
1584,2,1,47
1585,2,1,47
1586,2,1,47
1587,1,1,48
1588,1,1,48
1589,1,1,48
1590,1,1,48
1591,1,1,48
1593,1,1,48
1595,1,1,48
1596,1,1,48
1597,1,1,48
1598,1,1,48
1599,1,1,48
1600,1,1,48
1601,1,1,48
1602,1,1,48
1603,1,1,48
1604,1,1,49
1605,1,1,49
1606,1,1,49
1607,1,1,49
1608,1,1,49
1609,1,1,49
1610,1,1,49
1611,1,1,49
1612,2,1,50
1613,2,1,50
1614,2,1,50
1615,2,1,50
1616,2,1,50
1617,2,1,50
1618,2,1,50
1619,2,1,50
1620,2,1,50
1621,2,1,50
1622,2,1,50
1623,2,1,50
1624,2,1,50
1625,2,1,50
1626,2,1,50
1627,2,1,50
1628,2,1,50
1629,2,1,50
1630,2,1,50
1631,2,1,50
1632,2,1,50
1633,2,1,50
1634,2,1,50
1635,2,1,50
1637,2,1,50
60,3,2,4
63,3,2,4
64,3,2,4
65,3,2,4
68,3,2,4
69,3,2,4
70,3,2,4
71,3,2,4
72,3,2,4
73,3,2,4
77,3,2,4
165,3,2,9
167,3,2,9
169,3,2,9
170,3,2,9
171,3,2,9
172,3,2,9
1242,9,2,35
1243,9,2,35
1244,9,2,35
1245,9,2,35
1246,9,2,35
1248,9,2,35
1249,9,2,35
1250,9,2,35
1251,9,2,35
1252,9,2,35
1253,9,2,35
1254,9,2,35
1255,9,2,35
1256,9,2,35
1257,9,2,35
1258,9,2,35
1259,9,2,35
1260,9,2,35
1261,9,2,35
1262,9,2,35
1263,9,2,35
1264,9,2,35
1265,9,2,35
1266,9,2,35
1267,9,2,35
1268,9,2,35
1269,9,2,35
1270,9,2,35
1271,10,2,35
1272,9,2,35
1275,10,2,35
1276,10,2,35
1277,10,2,35
1278,10,2,35
1279,10,2,35
1280,10,2,35
1281,10,2,35
1282,10,2,35
1283,10,2,35
1284,10,2,35
1285,10,2,35
1286,10,2,35
1287,10,2,35
1288,10,2,35
1289,9,2,35
1290,10,2,35
1291,10,2,35
1292,10,2,35
1293,10,2,35
1294,10,2,35
1295,10,2,35
1296,10,2,35
1297,10,2,35
1298,10,2,35
1299,10,2,35
1300,10,2,35
1301,10,2,35
1302,10,2,35
1303,10,2,35
1305,10,2,35
1306,10,2,35
1307,10,2,35
1308,10,2,35
1309,9,2,35
1310,9,2,35
1311,9,2,35
1312,9,2,35
1313,9,2,35
1314,9,2,35
1315,9,2,35
1316,9,2,35
1317,9,2,35
1318,9,2,35
1815,10,2,35
1816,10,2,35
1817,10,2,35
1818,10,2,35
1819,10,2,35
1821,10,2,35
1822,10,2,35
1823,10,2,35
1824,10,2,35
1825,10,2,35
1826,10,2,35
1827,10,2,35
1829,9,2,35
1830,9,2,35
1831,9,2,35
1832,9,2,35
1833,9,2,35
1834,9,2,35
1835,10,2,35
1836,10,2,35
1837,10,2,35
1838,10,2,35
1839,10,2,35
1840,10,2,35
1841,10,2,35
1858,9,2,35
1859,9,2,35
1860,9,2,35
1861,9,2,35
1862,9,2,35
1863,9,2,35
1864,10,2,35
1865,10,2,35
1866,10,2,35
1867,10,2,35
1868,10,2,35
1869,10,2,35
1870,10,2,35
1773,3,2,56
1774,3,2,56
1775,3,2,56
1777,3,2,56
1778,3,2,56
1779,3,2,56
1780,3,2,56
1781,3,2,56
1782,3,2,56
1783,3,2,56
1784,3,2,56
1785,3,2,56
1786,3,2,56
1787,3,2,56
1788,3,2,56
1790,3,2,56
1791,3,2,56
1792,3,2,56
1793,3,2,56
1794,3,2,56
1795,3,2,56
1884,3,2,56
1885,3,2,56
136,11,3,8
137,11,3,8
138,11,3,8
139,11,3,8
140,11,3,8
141,11,3,8
142,11,3,8
143,11,3,8
144,11,3,8
145,11,3,8
147,11,3,8
148,11,3,8
149,11,3,8
150,11,3,8
151,11,3,8
152,11,3,8
153,11,3,8
154,11,3,8
155,11,3,8
156,11,3,8
158,11,3,8
160,11,3,8
161,11,3,8
162,11,3,8
163,11,3,8
164,11,3,8
220,11,3,11
221,11,3,11
222,11,3,11
223,11,3,11
224,11,3,11
225,11,3,11
226,11,3,11
227,11,3,11
228,11,3,11
229,11,3,11
230,11,3,11
231,11,3,11
232,11,3,11
233,11,3,11
234,11,3,11
235,11,3,11
236,11,3,11
237,11,3,11
238,11,3,11
239,11,3,11
240,11,3,11
241,11,3,11
242,11,3,11
243,11,3,11
244,11,3,11
245,11,3,11
246,11,3,11
247,11,3,11
248,11,3,11
249,11,3,11
250,11,3,11
437,3,3,17
438,3,3,17
439,3,3,17
440,3,3,17
441,3,3,17
442,3,3,17
443,3,3,17
444,3,3,17
445,3,3,17
446,3,3,17
447,3,3,17
448,3,3,17
449,3,3,17
450,3,3,17
451,3,3,17
452,3,3,17
453,3,3,17
454,3,3,17
455,3,3,17
457,3,3,17
458,3,3,17
459,3,3,17
461,3,3,17
462,3,3,17
463,3,3,17
464,3,3,17
465,3,3,17
466,3,3,17
467,3,3,17
478,11,3,19
479,11,3,19
480,11,3,19
481,11,3,19
482,11,3,19
483,11,3,19
485,11,3,19
486,11,3,19
487,11,3,19
488,11,3,19
489,11,3,19
634,11,3,24
635,11,3,24
636,11,3,24
637,11,3,24
638,11,3,24
639,11,3,24
640,11,3,24
641,11,3,24
642,11,3,24
643,11,3,24
644,11,3,24
645,11,3,24
646,11,3,24
647,11,3,24
648,11,3,24
649,11,3,24
650,11,3,24
651,11,3,24
652,11,3,24
653,11,3,24
654,11,3,24
656,11,3,24
657,11,3,24
658,11,3,24
659,11,3,24
660,11,3,24
661,11,3,24
662,11,3,24
663,11,3,24
664,11,3,24
665,11,3,24
666,11,3,24
667,11,3,24
668,11,3,24
670,11,3,24
671,11,3,24
672,11,3,24
673,11,3,24
674,11,3,24
675,11,3,24
676,11,3,24
677,11,3,24
678,11,3,24
679,11,3,24
680,11,3,24
681,11,3,24
682,11,3,24
683,11,3,24
684,11,3,24
685,11,3,24
686,11,3,24
687,11,3,24
688,11,3,24
689,11,3,24
690,11,3,24
691,11,3,24
692,11,3,24
693,11,3,24
694,11,3,24
695,11,3,24
696,11,3,24
697,11,3,24
698,11,3,24
699,11,3,24
700,11,3,24
701,11,3,24
702,11,3,24
703,11,3,24
704,11,3,24
705,11,3,24
706,11,3,24
707,11,3,24
709,11,3,24
710,11,3,24
711,11,3,24
712,11,3,24
713,11,3,24
714,11,3,24
715,11,3,24
716,11,3,24
717,11,3,24
718,11,3,24
720,11,3,24
721,11,3,24
722,11,3,24
1886,11,3,24
1887,11,3,24
1888,11,3,24
757,11,3,27
758,11,3,27
759,11,3,27
760,11,3,27
761,11,3,27
762,11,3,27
763,11,3,27
764,11,3,27
765,11,3,27
766,11,3,27
767,11,3,27
769,11,3,27
770,11,3,27
771,11,3,27
772,11,3,27
1148,3,3,30
1149,3,3,30
1150,3,3,30
1151,3,3,30
1152,3,3,30
1153,3,3,30
1155,3,3,30
1156,3,3,30
1158,3,3,30
1159,3,3,30
1188,3,3,33
1189,3,3,33
1190,3,3,33
1191,3,3,33
1192,3,3,33
1193,3,3,33
1194,3,3,33
1195,3,3,33
1196,3,3,33
1200,3,3,33
1201,3,3,33
1202,3,3,33
1203,3,3,33
1204,3,3,33
1205,3,3,33
1206,3,3,33
1207,3,3,33
1208,3,3,33
1210,3,3,33
1211,3,3,33
1212,3,3,33
1213,3,3,33
1214,3,3,33
1215,3,3,33
1216,3,3,33
1217,3,3,33
1218,3,3,33
1219,3,3,33
1220,3,3,33
1507,3,3,43
1508,3,3,43
1509,3,3,43
1510,3,3,43
1511,3,3,43
1512,3,3,43
1513,3,3,43
1514,3,3,43
1515,3,3,43
1516,3,3,43
1556,3,3,46
1557,3,3,46
1558,3,3,46
1559,3,3,46
1560,3,3,46
1561,3,3,46
1562,3,3,46
1563,3,3,46
1564,3,3,46
1565,3,3,46
1566,3,3,46
1567,3,3,46
1568,3,3,46
1638,3,3,51
1639,3,3,51
1640,3,3,51
1641,3,3,51
1642,3,3,51
1643,3,3,51
1644,3,3,51
1645,3,3,51
1646,3,3,51
1647,3,3,51
1648,3,3,51
1649,3,3,51
1650,3,3,51
1651,3,3,51
1652,3,3,51
1653,3,3,51
1654,3,3,51
1655,3,3,51
1656,3,3,51
1657,3,3,51
1658,3,3,51
1659,3,3,51
1660,3,3,51
1661,3,3,51
1662,3,3,51
1663,3,3,51
1664,3,3,51
1665,3,3,51
1666,3,3,51
1667,3,3,51
1668,3,3,51
1669,3,3,51
1670,3,3,52
1671,3,3,52
1672,3,3,52
1673,3,3,52
1674,3,3,52
1675,3,3,52
1676,3,3,52
1677,3,3,52
1678,3,3,52
1679,3,3,52
1680,3,3,52
1681,3,3,52
1682,3,3,52
1683,3,3,52
1684,3,3,52
1685,3,3,52
1686,3,3,52
1687,3,3,52
1688,3,3,52
1689,11,3,53
1690,11,3,53
1691,11,3,53
1692,11,3,53
1693,11,3,53
1694,11,3,53
1695,11,3,53
1696,11,3,53
1697,11,3,53
1698,11,3,53
1699,11,3,53
1700,11,3,53
1701,11,3,53
1702,11,3,53
1703,11,3,53
1704,11,3,53
15,12,4,2
16,12,4,2
17,12,4,2
18,12,4,2
19,12,4,2
20,12,4,2
21,12,4,2
22,12,4,2
23,12,4,2
24,12,4,2
26,12,4,2
27,12,4,2
28,12,4,2
29,12,4,2
30,12,4,2
31,12,4,2
32,12,4,2
33,12,4,2
78,12,4,5
79,12,4,5
80,12,4,5
81,12,4,5
82,12,4,5
83,12,4,5
84,12,4,5
85,12,4,5
86,12,4,5
87,12,4,5
88,12,4,5
89,12,4,5
90,12,4,5
91,12,4,5
92,12,4,5
93,12,4,5
94,12,4,5
95,12,4,5
96,12,4,5
97,12,4,5
173,12,4,10
174,12,4,10
175,12,4,10
176,12,4,10
177,12,4,10
178,12,4,10
179,12,4,10
181,12,4,10
182,12,4,10
183,12,4,10
184,12,4,10
185,12,4,10
196,12,4,10
197,12,4,10
198,12,4,10
199,12,4,10
200,12,4,10
201,12,4,10
202,12,4,10
206,12,4,10
207,12,4,10
208,12,4,10
209,12,4,10
210,12,4,10
211,12,4,10
214,12,4,10
215,12,4,10
216,12,4,10
217,12,4,10
218,12,4,10
1828,12,4,10
266,13,4,13
267,13,4,13
268,13,4,13
269,13,4,13
270,13,4,13
271,13,4,13
272,13,4,13
273,13,4,13
274,13,4,13
275,13,4,13
276,13,4,13
277,13,4,13
278,13,4,13
279,13,4,13
280,13,4,13
281,13,4,13
282,13,4,13
283,13,4,13
284,13,4,13
285,13,4,13
286,13,4,13
287,13,4,13
288,13,4,13
289,13,4,13
290,13,4,13
291,13,4,13
292,13,4,13
293,13,4,13
294,13,4,13
295,13,4,13
296,13,4,13
297,13,4,13
298,13,4,13
299,13,4,13
300,13,4,13
301,13,4,13
302,13,4,13
303,13,4,13
304,13,4,13
305,13,4,13
306,13,4,13
307,13,4,13
308,13,4,13
309,13,4,13
310,13,4,13
311,13,4,13
312,13,4,13
313,13,4,13
314,13,4,13
315,13,4,13
316,13,4,13
317,13,4,13
318,13,4,13
319,13,4,13
320,13,4,13
321,13,4,13
322,13,4,13
323,13,4,13
324,13,4,13
325,13,4,13
326,13,4,13
327,13,4,13
328,13,4,13
329,13,4,13
330,13,4,13
331,13,4,13
332,13,4,13
333,13,4,13
334,13,4,13
335,13,4,13
336,13,4,13
337,13,4,13
338,13,4,13
339,13,4,13
340,13,4,13
341,13,4,13
342,13,4,13
343,13,4,13
344,13,4,13
345,13,4,13
346,13,4,13
347,13,4,13
348,13,4,13
349,13,4,13
350,13,4,13
351,13,4,13
352,13,4,13
353,13,4,13
354,13,4,13
355,13,4,13
356,13,4,13
357,13,4,13
358,13,4,13
359,13,4,13
360,13,4,13
361,13,4,13
362,13,4,13
363,13,4,13
364,13,4,13
365,13,4,13
366,13,4,13
367,13,4,13
368,13,4,13
369,13,4,13
370,13,4,13
405,14,4,16
406,14,4,16
407,14,4,16
408,14,4,16
409,14,4,16
410,14,4,16
411,14,4,16
412,14,4,16
413,14,4,16
414,14,4,16
415,14,4,16
416,14,4,16
417,14,4,16
418,14,4,16
419,14,4,16
420,14,4,16
421,14,4,16
422,14,4,16
423,14,4,16
424,14,4,16
425,14,4,16
426,14,4,16
427,14,4,16
428,14,4,16
429,14,4,16
430,14,4,16
431,14,4,16
432,14,4,16
433,14,4,16
434,14,4,16
435,14,4,16
436,14,4,16
616,12,4,23
617,12,4,23
618,12,4,23
619,12,4,23
620,12,4,23
621,12,4,23
622,12,4,23
623,12,4,23
624,12,4,23
625,12,4,23
626,12,4,23
627,12,4,23
628,12,4,23
629,12,4,23
630,12,4,23
631,12,4,23
632,12,4,23
633,12,4,23
1160,14,4,31
1161,14,4,31
1162,14,4,31
1163,14,4,31
1164,14,4,31
1165,14,4,31
1166,14,4,31
1167,14,4,31
1168,14,4,31
1169,14,4,31
1170,14,4,31
1171,14,4,31
1172,14,4,31
1173,14,4,31
1174,14,4,31
1175,14,4,31
1176,14,4,31
1177,14,4,31
1178,14,4,31
1179,12,4,32
1180,12,4,32
1181,12,4,32
1182,12,4,32
1183,12,4,32
1184,12,4,32
1185,12,4,32
1186,12,4,32
1187,12,4,32
1319,12,4,36
1320,12,4,36
1321,12,4,36
1322,12,4,36
1323,12,4,36
1324,12,4,36
1325,12,4,36
1326,12,4,36
1327,12,4,36
1328,12,4,36
1329,12,4,36
1330,12,4,36
1331,12,4,36
1332,12,4,36
1333,12,4,36
1334,12,4,36
1335,12,4,36
1445,14,4,40
1446,14,4,40
1447,14,4,40
1448,14,4,40
1449,14,4,40
1450,14,4,40
1451,14,4,40
1452,14,4,40
1453,14,4,40
1454,14,4,40
1455,14,4,40
1456,14,4,40
1457,14,4,40
1458,14,4,40
1459,14,4,40
1460,14,4,40
1461,14,4,40
1462,14,4,40
1463,14,4,40
1464,14,4,40
1465,14,4,40
1466,14,4,40
1467,14,4,40
1468,14,4,40
1469,14,4,40
1470,14,4,40
1471,14,4,40
1472,14,4,40
1473,14,4,40
1474,14,4,40
1475,14,4,40
1476,14,4,40
1477,14,4,40
1478,14,4,40
1479,14,4,40
1496,14,4,42
1497,14,4,42
1498,14,4,42
1499,14,4,42
1500,14,4,42
1501,14,4,42
1502,14,4,42
1503,14,4,42
1504,14,4,42
1506,14,4,42
180,13,4,57
186,13,4,57
187,13,4,57
188,13,4,57
189,13,4,57
190,13,4,57
191,13,4,57
192,13,4,57
193,13,4,57
194,13,4,57
195,13,4,57
203,13,4,57
204,13,4,57
205,13,4,57
212,13,4,57
213,13,4,57
219,13,4,57
773,4,5,28
774,4,5,28
776,4,5,28
777,4,5,28
778,4,5,28
779,4,5,28
780,4,5,28
781,4,5,28
782,4,5,28
783,4,5,28
784,4,5,28
785,4,5,28
786,4,5,28
788,4,5,28
789,4,5,28
790,4,5,28
791,4,5,28
792,4,5,28
793,8,5,28
794,8,5,28
795,8,5,28
796,8,5,28
797,8,5,28
798,8,5,28
799,8,5,28
800,8,5,28
801,8,5,28
802,8,5,28
803,8,5,28
804,8,5,28
805,8,5,28
806,8,5,28
807,8,5,28
808,4,5,28
809,4,5,28
810,5,5,28
811,8,5,28
812,8,5,28
813,8,5,28
814,8,5,28
815,8,5,28
816,8,5,28
817,8,5,28
818,8,5,28
819,8,5,28
820,8,5,28
821,4,5,28
822,5,5,28
823,5,5,28
824,5,5,28
825,5,5,28
826,5,5,28
827,5,5,28
828,8,5,28
829,8,5,28
830,8,5,28
831,8,5,28
832,8,5,28
833,8,5,28
834,8,5,28
835,5,5,28
836,5,5,28
837,5,5,28
838,5,5,28
839,5,5,28
840,5,5,28
841,5,5,28
842,5,5,28
843,5,5,28
844,5,5,28
845,8,5,28
846,8,5,28
847,8,5,28
848,8,5,28
849,5,5,28
850,5,5,28
851,5,5,28
852,5,5,28
853,5,5,28
854,5,5,28
855,5,5,28
856,5,5,28
857,5,5,28
858,5,5,28
859,8,5,28
860,5,5,28
861,5,5,28
862,5,5,28
864,5,5,28
865,5,5,28
866,8,5,28
867,8,5,28
868,8,5,28
869,5,5,28
870,5,5,28
871,5,5,28
872,5,5,28
873,5,5,28
874,5,5,28
880,5,5,28
881,5,5,28
882,5,5,28
883,8,5,28
884,8,5,28
885,8,5,28
886,8,5,28
887,8,5,28
888,8,5,28
889,5,5,28
890,5,5,28
891,5,5,28
892,5,5,28
893,5,5,28
894,5,5,28
895,5,5,28
902,5,5,28
903,5,5,28
904,5,5,28
905,5,5,28
906,5,5,28
907,5,5,28
908,8,5,28
909,8,5,28
910,8,5,28
911,8,5,28
912,8,5,28
913,8,5,28
914,8,5,28
915,8,5,28
916,8,5,28
917,5,5,28
918,5,5,28
919,5,5,28
927,5,5,28
928,5,5,28
929,8,5,28
930,8,5,28
982,8,5,28
983,8,5,28
984,8,5,28
985,5,5,28
986,5,5,28
987,5,5,28
997,5,5,28
998,5,5,28
999,5,5,28
1000,8,5,28
1001,8,5,28
1002,8,5,28
1003,8,5,28
1004,5,5,28
1005,5,5,28
1021,5,5,28
1022,8,5,28
1023,8,5,28
1039,8,5,28
1040,5,5,28
1041,5,5,28
1042,5,5,28
1076,4,5,28
1077,4,5,28
1078,4,5,28
1079,4,5,28
1080,4,5,28
1081,4,5,28
1082,4,5,28
1083,4,5,28
1084,4,5,28
1085,4,5,28
1086,4,5,28
1087,4,5,28
1088,4,5,28
1089,4,5,28
1090,4,5,28
1091,4,5,28
1092,4,5,28
1093,4,5,28
1095,4,5,28
1096,4,5,28
1097,4,5,28
1098,4,5,28
1099,4,5,28
1100,4,5,28
1101,4,5,28
1102,4,5,28
1103,4,5,28
1104,4,5,28
1105,4,5,28
1106,8,5,28
1115,8,5,28
1116,8,5,28
1117,8,5,28
1118,8,5,28
1119,8,5,28
1120,7,5,28
1123,7,5,28
1842,4,5,28
1843,4,5,28
1844,4,5,28
1845,4,5,28
1846,4,5,28
1847,4,5,28
1848,4,5,28
1871,4,5,28
1872,4,5,28
1873,4,5,28
1874,4,5,28
1875,4,5,28
1876,4,5,28
863,5,6,28
875,5,6,28
876,5,6,28
877,5,6,28
878,5,6,28
879,5,6,28
896,5,6,28
897,5,6,28
898,5,6,28
899,5,6,28
900,5,6,28
901,5,6,28
920,5,6,28
921,5,6,28
922,6,6,28
923,6,6,28
924,7,6,28
925,5,6,28
926,5,6,28
931,5,6,28
932,5,6,28
933,6,6,28
934,6,6,28
935,6,6,28
936,7,6,28
937,6,6,28
938,6,6,28
939,6,6,28
940,6,6,28
941,6,6,28
942,6,6,28
944,6,6,28
945,6,6,28
946,6,6,28
947,6,6,28
948,6,6,28
949,6,6,28
950,7,6,28
951,5,6,28
952,7,6,28
953,6,6,28
954,6,6,28
955,6,6,28
956,6,6,28
957,6,6,28
958,6,6,28
959,7,6,28
960,7,6,28
961,7,6,28
962,6,6,28
963,6,6,28
964,6,6,28
965,6,6,28
966,6,6,28
968,6,6,28
969,7,6,28
970,7,6,28
971,7,6,28
973,6,6,28
974,6,6,28
976,7,6,28
977,7,6,28
978,7,6,28
979,7,6,28
980,7,6,28
981,7,6,28
988,5,6,28
989,5,6,28
990,5,6,28
991,5,6,28
992,5,6,28
993,5,6,28
994,5,6,28
995,5,6,28
996,5,6,28
1006,5,6,28
1007,5,6,28
1008,5,6,28
1009,5,6,28
1010,5,6,28
1011,5,6,28
1012,5,6,28
1013,5,6,28
1014,5,6,28
1015,5,6,28
1016,5,6,28
1017,5,6,28
1018,5,6,28
1019,5,6,28
1020,5,6,28
1024,5,6,28
1025,5,6,28
1026,5,6,28
1027,5,6,28
1028,5,6,28
1029,5,6,28
1030,5,6,28
1031,5,6,28
1032,5,6,28
1033,5,6,28
1034,5,6,28
1035,5,6,28
1036,5,6,28
1037,5,6,28
1038,5,6,28
1043,5,6,28
1044,5,6,28
1045,7,6,28
1046,7,6,28
1047,7,6,28
1048,5,6,28
1049,5,6,28
1050,5,6,28
1051,7,6,28
1052,7,6,28
1053,7,6,28
1054,7,6,28
1055,7,6,28
1056,7,6,28
1057,5,6,28
1058,5,6,28
1059,5,6,28
1060,7,6,28
1061,7,6,28
1062,7,6,28
1063,7,6,28
1064,7,6,28
1065,7,6,28
1066,7,6,28
1067,7,6,28
1068,5,6,28
1069,7,6,28
1070,7,6,28
1071,7,6,28
1072,7,6,28
1075,7,6,28
1108,6,6,28
1109,6,6,28
1111,6,6,28
1112,6,6,28
1113,6,6,28
1114,6,6,28
1121,7,6,28
1124,7,6,28
1125,7,6,28
1126,7,6,28
1127,6,6,28
1796,7,6,28
1797,7,6,28
1798,7,6,28
1799,7,6,28
1800,7,6,28
1801,7,6,28
1802,7,6,28
1803,7,6,28
1804,7,6,28
1805,7,6,28
1806,7,6,28
1807,7,6,28
1808,7,6,28
1809,7,6,28
1810,7,6,28
1811,7,6,28
1812,7,6,28
1813,7,6,28
1814,7,6,28
1820,6,6,28
1849,6,6,28
1850,6,6,28
1851,6,6,28
1852,6,6,28
1853,6,6,28
1854,6,6,28
1855,6,6,28
1856,6,6,28
1857,6,6,28
1877,7,6,28
1878,7,6,28
1879,7,6,28
1880,7,6,28
1881,7,6,28
1882,7,6,28
1883,7,6,28
1889,7,6,28
1890,7,6,28
1891,7,6,28
1892,7,6,28
1893,7,6,28
1894,6,6,28
1895,6,6,28
1896,6,6,28
1897,6,6,28
1898,6,6,28
1899,6,6,28
1900,6,6,28
1901,6,6,28
1902,6,6,28
1903,6,6,28
1904,6,6,28
34,12,7,3
35,12,7,3
36,12,7,3
37,12,7,3
38,12,7,3
39,12,7,3
40,12,7,3
41,12,7,3
42,12,7,3
43,12,7,3
44,12,7,3
45,12,7,3
46,12,7,3
47,12,7,3
48,12,7,3
49,12,7,3
50,12,7,3
51,12,7,3
52,12,7,3
53,12,7,3
54,12,7,3
55,12,7,3
56,12,7,3
57,12,7,3
58,12,7,3
59,12,7,3
251,12,7,12
252,12,7,12
253,12,7,12
254,12,7,12
255,12,7,12
256,12,7,12
257,12,7,12
258,12,7,12
259,12,7,12
260,12,7,12
261,12,7,12
262,12,7,12
263,12,7,12
264,12,7,12
265,12,7,12
371,14,7,14
372,14,7,14
373,14,7,14
374,14,7,14
375,14,7,14
376,14,7,14
377,14,7,14
378,14,7,14
379,14,7,14
380,14,7,14
381,14,7,14
382,14,7,14
383,14,7,14
468,12,7,18
469,12,7,18
470,12,7,18
471,12,7,18
472,12,7,18
473,12,7,18
474,12,7,18
475,12,7,18
476,12,7,18
477,12,7,18
748,14,7,26
749,14,7,26
750,14,7,26
751,14,7,26
752,14,7,26
753,14,7,26
754,14,7,26
755,14,7,26
756,14,7,26
1128,15,7,29
1129,15,7,29
1130,15,7,29
1131,15,7,29
1132,15,7,29
1133,15,7,29
1134,15,7,29
1135,15,7,29
1136,15,7,29
1137,15,7,29
1138,15,7,29
1139,15,7,29
1140,15,7,29
1141,15,7,29
1142,15,7,29
1143,15,7,29
1144,15,7,29
1145,15,7,29
1146,15,7,29
1147,15,7,29
1336,15,7,37
1337,15,7,37
1338,15,7,37
1339,15,7,37
1340,15,7,37
1341,15,7,37
1342,15,7,37
1343,15,7,37
1344,15,7,37
1345,15,7,37
1346,15,7,37
1347,15,7,37
1348,15,7,37
1365,15,7,37
1367,15,7,37
1368,15,7,37
1369,15,7,37
1370,15,7,37
1371,15,7,37
1372,15,7,37
1373,15,7,37
1374,15,7,37
1375,15,7,37
1376,15,7,37
1377,15,7,37
1378,15,7,37
1379,15,7,37
1380,15,7,37
1381,15,7,37
1382,15,7,37
1383,15,7,37
1384,15,7,37
1385,15,7,37
1386,15,7,37
1387,15,7,37
1388,15,7,37
1389,15,7,37
1390,15,7,37
1391,15,7,37
1392,15,7,37
1393,15,7,37
1394,15,7,37
1395,15,7,37
1396,15,7,37
1397,15,7,37
1398,15,7,37
1399,15,7,37
1400,15,7,37
1401,15,7,37
1402,15,7,37
1403,15,7,37
1404,15,7,37
1405,15,7,37
1406,15,7,37
1407,15,7,37
1408,15,7,37
1409,15,7,37
1410,15,7,37
1411,15,7,37
1412,15,7,38
1413,15,7,38
1414,15,7,38
1415,15,7,38
1416,15,7,38
1417,15,7,38
1418,15,7,38
1419,15,7,38
1420,15,7,38
1421,15,7,38
1422,15,7,38
1423,15,7,38
1424,15,7,38
1425,15,7,38
1426,15,7,38
1427,15,7,38
1428,14,7,39
1429,14,7,39
1430,14,7,39
1431,14,7,39
1432,14,7,39
1433,14,7,39
1434,14,7,39
1435,14,7,39
1437,14,7,39
1438,14,7,39
1439,14,7,39
1440,14,7,39
1441,14,7,39
1442,14,7,39
1443,14,7,39
1444,14,7,39
1480,14,7,41
1481,14,7,41
1482,14,7,41
1483,14,7,41
1484,14,7,41
1485,14,7,41
1486,14,7,41
1487,14,7,41
1488,14,7,41
1489,14,7,41
1490,14,7,41
1491,14,7,41
1492,14,7,41
1493,14,7,41
1494,14,7,41
1495,14,7,41
1705,14,7,54
1706,14,7,54
1707,14,7,54
1708,14,7,54
1709,14,7,54
1710,14,7,54
1711,14,7,54
1712,14,7,54
1713,14,7,54
1714,14,7,54
1715,14,7,54
1716,14,7,54
1717,14,7,54
1718,14,7,54
1719,14,7,54
1720,14,7,54
1721,14,7,54
1722,14,7,54
1723,14,7,54
1724,14,7,54
1725,14,7,54
1726,15,7,55
1727,15,7,55
1728,15,7,55
1729,15,7,55
1730,15,7,55
1731,15,7,55
1732,15,7,55
1733,15,7,55
1734,15,7,55
1735,15,7,55
1736,15,7,55
1737,15,7,55
1738,15,7,55
1739,15,7,55
1740,15,7,55
1741,15,7,55
1742,15,7,55
1743,15,7,55
1744,15,7,55
1745,15,7,55
1746,15,7,55
1747,15,7,55
1748,15,7,55
1749,15,7,55
1750,15,7,55
1751,15,7,55
1752,15,7,55
1753,15,7,55
1754,15,7,55
1755,15,7,55
1756,15,7,55
1757,15,7,55
1758,15,7,55
1759,15,7,55
1760,15,7,55
1761,15,7,55
1762,15,7,55
1763,15,7,55
1764,15,7,55
1765,15,7,55
1766,15,7,55
1767,15,7,55
1768,15,7,55
1769,15,7,55
1770,15,7,55
1771,15,7,55
1772,15,7,55
1349,15,7,58
1350,15,7,58
1351,15,7,58
1352,15,7,58
1353,15,7,58
1354,15,7,58
1355,15,7,58
1356,15,7,58
1357,15,7,58
1358,15,7,58
1359,15,7,58
1360,15,7,58
1361,15,7,58
1362,15,7,58
1363,15,7,58
1364,15,7,58
1366,15,7,58
